No;a;b;c
1;-8.761291672073172;-9.930687799719326;-6.987453152612719
2;1.5864250874103636;-4.118069541159775;0.651577815342181
3;-2.229044087244847;5.572212415348348;-1.5090317030679667
4;-1.5850687771052492;2.912145583450563;-8.041750367209774
5;4.524252667320713;-5.838856836820845;-9.209897576695045
6;-7.27201982609164;-4.0678243895624515;1.19531577630341
7;8.92472429003259;-6.0940324106660775;7.743776545532619
8;5.690837714894446;2.2117344545203608;-0.2484887963131861
9;9.18596416269266;4.954804015753503;8.66822642768102
10;-5.001445821341823;5.585970135054737;-5.0083251475905
11;-0.11270935165920903;-6.083702214099336;-9.02393789854889
12;-1.3472572353323446;-9.06173683671367;8.635510392122892
13;-1.8936715942317779;6.971663865540979;2.471091970869388
14;-4.727095865431876;-7.803733125851668;5.740373430370049
15;-8.364694146670127;6.825697910825099;7.179445827143905
16;-8.550706509586925;-4.646660184619618;2.80815599736089
17;-7.834595172585592;5.544453443866701;6.912219730554963
18;3.3454366712817123;1.7745768590375874;9.962747612469343
19;0.4577726679157621;-6.054044451304974;8.733152176074274
20;5.018885981472444;-1.5780482782058058;0.2065256771431141
21;2.9238489363110514;-7.042163385517477;-0.9897349872746375
22;9.726152910535035;0.7229455485481004;1.7963272693394128
23;4.020477468393198;-2.6598707256920378;7.257466543504162
24;-7.424234270889272;8.78057973716355;9.366660050959194
25;-7.218915685897156;0.7631798485200783;-2.7545021164456163
26;-4.3478573184654685;-5.41859166025681;0.7405656666961153
27;-0.3323714913339728;-0.11597732049287401;0.7943401127518168
28;8.918626876943044;1.2504253742329023;-6.271519082523282
29;2.9172728330669724;8.14348911188037;0.45097328048888663
30;-6.248561517176654;4.899201279832051;8.797431640013247
31;-3.4367318476730198;-4.336050969222853;-0.4570033369966513
32;-2.9725875874159673;-7.7950100621067335;1.6659834075420825
33;6.949929017402582;-2.9574320154299283;-7.458520635693528
34;4.731741111699048;5.713205770245311;5.211723956064763
35;-4.264545643200403;-9.20167595750593;7.217087151144291
36;5.888473012675949;3.8930747090812936;-3.9820473319334777
37;6.58512743237231;-5.038695743386532;-7.350865252359673
38;-8.89132371131838;-1.0117922313927235;-0.815860362862697
39;-2.3342561653422518;-9.979662598011247;-4.835885571106697
40;-3.2680821940328446;-2.8286266024887556;-5.507266140782232
41;3.2438851329729914;3.7228539094745834;-9.335954018786655
42;9.066064508667942;0.8293614772367057;-2.872447962540356
43;2.429800905979196;8.637445549073405;4.151617417818329
44;2.9205026645693284;3.7936129620397274;0.044335436089959046
45;-5.648650275376809;-7.511997586309844;1.5349533827665098
46;-6.87282693500207;-5.763703239275659;9.653532519818768
47;3.2493593636295905;5.830201709170286;-4.091426696151881
48;5.206966824425219;5.492209276962438;-0.7681961264994506
49;-8.179479839994386;0.8822512290879416;-5.399413582632624
50;-9.035086570618578;8.340157635896809;4.43949407626021
51;-4.401009042818802;-9.821286141344764;-8.201787538757085
52;-4.632542189333513;-0.6210011080967632;9.09669542438294
53;6.6099165152308;8.101166105499345;-1.4639102898944873
54;6.376982755460968;-4.426181454747303;8.99591003367043
55;-5.780179161225025;1.980328946380716;6.04305611649529
56;3.5110540638772463;-1.3908340224532179;-9.730233965470866
57;-3.4815138308132942;6.662779975437413;3.8107727000058684
58;-8.179906532896988;-6.337188222591981;1.8817144984095862
59;4.320651000912756;-4.710849521913665;-8.347886569650747
60;-2.903599313605987;-5.46669684101738;7.033924935491857
61;-7.012363665104935;-9.477683481766888;-7.630546440722736
62;-4.486131416783352;3.3483241731839968;-6.015278330501339
63;-9.477210442049465;-6.484815630221288;0.5761292489121494
64;-3.3264174602236256;1.9757954979599646;3.533841812419741
65;-5.325973163659015;2.890202453261807;3.0853730987549017
66;-5.962034799211402;-0.3331692853902588;-0.3028421246938997
67;-0.23050838391430695;-5.190702125826294;-8.715135958542927
68;0.004756036340891612;-7.2292286596393485;-2.3247199134282077
69;-3.103807184002026;5.877954071395553;4.086501484940026
70;-0.9546661533633234;-0.017438433391255614;-3.960481822523354
71;-1.292197152263574;-5.746218933224185;8.333790826868587
72;3.7777597645862038;5.536341478263884;-2.1064651391998934
73;3.5880873458447393;-8.900288226555569;2.4513627102243696
74;7.667866296041858;-1.6744625848478343;8.532131056404939
75;-0.8157921724639863;-8.391667344737375;2.4264784460742206
76;-8.266532576186009;-1.566906042189073;-3.516797119582133
77;8.899601838384278;6.15814435082801;-4.583726498878966
78;-7.389763397070972;-2.3338526236472728;8.136235247064029
79;6.523608100190444;8.010746673866429;8.262119048372444
80;-5.002015246487634;8.591408113965255;-5.673326795386837
81;0.005477727428328194;-0.7922207775423917;-8.599636288655399
82;0.8317288774908569;-3.763889727700991;9.657299674287582
83;-4.219948132221472;-7.793916564666798;6.658520061366442
84;-9.918754641947702;-5.6746245209934525;-9.514334140561136
85;-4.472279581333714;-8.672662436787935;-9.917933067384793
86;1.936777687080502;3.1050736704999586;-0.6843384875607743
87;-3.8761779606678477;-1.718008484361846;-8.217582514937398
88;-8.416860739884308;2.1603649680267196;8.748360942832434
89;3.8981492273961535;-5.061326392719645;8.518773737205912
90;-2.0467130211751634;7.851946416311854;1.3919359123288917
91;-1.430359741123402;-2.5957700793388394;0.09154176706525341
92;4.140376516145201;8.769485646080454;-4.299622510919252
93;-3.6040439988983746;8.033800381226214;9.722097180567317
94;8.727667125178154;-8.854886600781565;-5.135163660357637
95;1.2597842651009543;0.1824133209886334;1.1407836671631504
96;-9.262264350050257;0.43355915194077355;-1.0535273026769243
97;1.0791647250233805;-6.392741071607169;7.590358845457001
98;3.8106736674837585;-7.346867791789274;-8.168855427980652
99;4.351348715279492;-0.5429061040835741;4.004932003816883
100;-9.443984554332197;-4.6837930694542855;3.8271810310603342
101;-9.094225911086777;3.2256174910891247;-8.30335898599278
102;4.25918303634819;-6.688074325668851;-4.211847139112654
103;-5.3407790829548425;1.5232017036530205;7.292984219786312
104;-2.0293750421912478;3.8869636760273796;6.857142551061617
105;1.6235601904844863;-9.916591033307247;-2.7899164077565803
106;-7.338969401533324;7.4235835514410695;-6.283998005993272
107;-3.0343346107025155;-6.238629990235358;-2.9340465196080228
108;-9.749355091109992;-4.659245945943502;-3.8677902005911236
109;-9.609973375523639;6.9706596852730485;-4.341641131906904
110;-7.557639609270508;4.4222360279357975;-3.1325916718961677
111;3.818352212045708;0.13937037154110854;8.302362857068928
112;4.505641933139339;2.7037015168155794;4.8840865564027265
113;-3.6144728342661008;0.01717152555350765;-2.265016783073099
114;-7.0971335595699365;-8.570788706803912;9.477044177477069
115;6.261719605792059;-6.14762014215861;-1.9031757168414458
116;9.577910191734428;-3.1813820568337974;1.7874181645861036
117;-3.5164377381367062;-6.455166341678766;4.213873719871291
118;-5.65468094382261;0.7214048106503768;-9.01189480429718
119;1.156171436055761;0.33471171350390705;4.023636315143218
120;6.386494789487315;-9.208906852960634;-3.3103813603757715
121;8.697345074098504;7.863075766034214;-1.8378816954181474
122;-3.1793151786121543;-1.1257241832593952;-1.8991564957306508
123;-7.462091811114783;3.9226706907486815;1.948148385278019
124;2.499655896614623;-7.411443094763362;-0.8600915673342957
125;-5.672085644067559;9.771451272785686;-7.092487563906431
126;-9.374699856387878;-4.250108835044399;2.6082521456294785
127;-4.2594776248831305;5.49701715716904;5.619138804910202
128;-7.14456859176323;-5.794148222125153;2.727795139650448
129;0.531704301970624;2.9554927772066524;2.8099831966990134
130;5.436667027819652;6.292148921061603;-9.676244630596198
131;-8.088556166701018;8.157159781897562;1.4656226310157212
132;2.710228109543081;-4.565303290648726;-0.1228792072272693
133;8.696955028324872;4.978536188254527;-5.958013878019381
134;0.11178852169327769;9.911224253881873;-0.681809999259313
135;7.047584695716736;6.457184862312587;-1.3315801294509537
136;1.7380260540889338;8.080827953725901;-0.30852427852052244
137;5.489972871270153;9.681245115630563;1.030448725001003
138;-9.524738962642715;8.253847067151547;2.0021074154495757
139;-0.9286773282330234;-7.952462929797781;1.7219867704794396
140;4.792244464241023;1.4790846950747678;3.801294645141425
141;8.617315522673316;-0.4112367639881338;-3.3455724408362375
142;1.5917628165582443;7.379367810545972;6.398574739104657
143;0.7528270625514306;-8.4588582299633;-6.379258154563887
144;6.7332650670484;-3.680795557944614;-7.503579638798675
145;-8.260439905085477;-1.8651553513168633;-9.48061766243681
146;-0.6545587179711614;-7.970534752730771;6.071715363428712
147;2.0363538082679344;3.690126998657174;-9.177093689936767
148;5.41019814591489;-3.6395546586142657;-3.8081240649969406
149;4.958438369385387;5.122155808526623;-4.790778227758244
150;-9.844522064558479;0.26476180085282053;-6.818221922708128
151;-4.748104350744509;-4.496798734862109;-8.326497617477163
152;3.1983281201937466;-3.1987897549182183;-3.0584400958591695
153;8.74699362629675;9.041223186429136;7.7369224430673675
154;6.5554578209462555;3.8334671470170214;-4.611075911526292
155;-6.056725620034249;9.165204667747144;8.680297105985531
156;-6.744568482036577;4.1908148804355;-2.9448760890822134
157;-9.491393188376762;4.335621722268591;0.4721313114410197
158;3.5490704971706677;4.491119666741614;-7.9039140349464
159;8.391100615605957;-3.569365589001312;-3.0710422915000546
160;-5.315413879897544;1.285446480082463;6.044001468207991
161;7.5131624269492505;-2.677413942621434;-6.3148491653967405
162;3.1620694165554415;-2.3931542944985846;-3.0362437379386424
163;0.606887193812522;6.370712342910199;7.653395750888418
164;6.140318442672374;9.883635415516604;-2.038682150931457
165;-9.522993652546884;-2.714851226481036;-7.495799194850465
166;-3.360177949022991;0.179562822124268;2.7102436908711685
167;-9.454384564977813;8.871171225779047;-6.1980155951648435
168;-2.409537811926599;7.633976477522491;-4.567449375324335
169;-5.824006579634471;7.888627352933881;0.02669361146402771
170;7.497581711467724;-5.238193366700077;2.098067700343522
171;-9.587219858235272;9.517970887852233;6.303268745630614
172;1.6256751292480693;-2.993662762436826;4.830913618466949
173;9.514254230964369;6.270045263865896;-9.678362209282604
174;1.4015150335827986;-0.11101445811614141;-3.3847438765700133
175;5.9802023563439;1.7655414888675036;-2.0553227054687344
176;8.52016068535783;4.098546074467615;-3.457683688558233
177;-2.682686826373512;-3.240949443053145;-8.088602223007989
178;7.588531647581618;-0.7524838932051203;5.1288025931519154
179;3.6361262924862174;7.689712666861681;-3.4413663901320124
180;-6.071224415066023;6.96943559981316;0.8170774499431417
181;-2.9840680770402432;4.9812230433319;-5.65892347032253
182;8.58142144898683;-6.50980564405526;2.9714752063278294
183;-1.300001970443006;3.3743430018810177;-3.71484901140676
184;-9.408484641564955;3.5322494594919043;1.1805204549002486
185;-1.3550735558765972;9.385231645303467;7.306970336416548
186;3.22058796413393;-9.644899426273799;1.4318894401113127
187;-6.085816535013331;4.413322406667536;-6.442589493206416
188;3.782143978076327;-2.4717278052134306;5.976081275633005
189;-0.6521398081558445;3.62810092768321;-3.3434401853117475
190;3.0309283459379053;-6.711029330885873;5.608427318374698
191;5.800395318236211;8.930327296969438;2.9030995136240385
192;4.819494746857917;-4.133158513286586;2.822552724948677
193;-2.174269915246949;3.879269327802664;5.387978833313426
194;-0.6199914998897338;7.210875446422694;-8.486974784807398
195;-6.325498452209548;-0.6047396760277479;5.44291324019925
196;7.900808727840364;2.750111844861136;2.9498426000235085
197;2.64690235568224;-0.26063117576723727;8.793550370933232
198;-8.227472434856956;8.492815627482976;6.899268156269766
199;9.33074410414073;-1.8946948614258012;-4.950001111739038
200;1.7378350666201072;4.92111861762038;5.826780364491466
201;4.366595656017324;-5.7453528243114205;-6.2711004899010785
202;-4.093825698385956;5.949806535287134;-4.1689778913362385
203;-7.4164319810258466;-1.6491231144512852;-2.9028085611764176
204;-1.7561645845776646;4.199537151228636;-1.284850265943101
205;3.172263284077939;9.224316164435482;-9.973215409705203
206;-8.182612747972613;-4.634243272751483;7.907601055127934
207;-5.130202040504854;5.557825524832067;-6.229436255592806
208;-8.412350075406165;-9.603522972169618;9.762956005268844
209;6.856755162090803;-1.8012540763722402;9.597946791329285
210;0.8560744113864143;-5.828771308956407;-1.1038591591966664
211;-3.0776751264180824;0.9083778706542844;1.2897128086844223
212;-6.287808781620676;9.679445383890958;-5.781438093718587
213;9.326273574029976;-4.715742817584507;1.9510350058386763
214;-7.218712266183871;-5.546000249444781;-9.421965514309086
215;5.302420147528251;-2.7515934429246265;5.992697693079702
216;-2.7642724679472552;-3.331648512752272;-5.864593160786256
217;2.31651189463636;-6.986390404975937;4.288548590962822
218;-1.0426184977435966;6.59961851193566;7.803392823713011
219;-1.5753964600249972;1.8170383235053613;4.9028886500092845
220;1.0508343881060611;-6.471584493410023;8.401227453750202
221;3.9029081090593554;-6.819419289504096;-6.734801628779192
222;3.0884366190373136;-1.188059326623021;2.057885580385859
223;3.9660789401851844;-2.111494469136672;6.072658252081457
224;7.794536850488075;-6.988481052914828;-2.2435398029172564
225;5.397520947160592;1.1181854247766214;7.529330727961025
226;-6.239531766273572;1.2051493188223734;-1.3858033790948472
227;2.7735194426063536;-1.106709447648706;-9.73387162294556
228;6.077668904698701;1.1971374788841658;3.8926245312229906
229;9.997489599542597;5.627407723640868;-9.689437465748528
230;0.5643095629357973;6.356050544085761;3.6185859511655245
231;2.16127720608338;-6.158845982968297;1.0798021516186456
232;2.0808909412020995;3.66809903024906;5.231063786464896
233;7.945433183679253;-3.5348836187433204;-8.144880170335906
234;4.331235863608089;2.5395823907465047;-6.840529334844434
235;7.179092132793713;1.653475445862755;4.844557720285527
236;7.9877170179541;-1.834537307813724;0.9180124098624098
237;-8.147484568019587;-3.892975694133831;-9.521655248354007
238;-4.367159769749733;2.5897698847630135;-0.7470741387383839
239;0.798074946179625;5.857216681883129;-1.7113699315341986
240;1.85118936673247;-2.3902174391302893;-1.1255038577680647
241;1.9810843397124422;-8.066046512752322;-8.552411017690682
242;6.69949257273441;0.8135400022408419;6.352862224161964
243;-0.4333431033327262;4.268881130568925;-4.997666545243369
244;-5.345512561124854;-7.086255055917297;3.450707596511114
245;9.93964854773279;-8.603306442816258;-4.518566564898501
246;8.558100981724639;2.0517199283351566;3.21675101525938
247;-2.5785209359168952;-1.162101678748833;-9.957674763037044
248;-2.4265156340905296;-1.8116354012135574;6.733152178725156
249;3.246599533428041;5.52403519458748;-0.689937795854938
250;-7.591397385614753;2.738825359295298;1.7554515949305518
251;-2.5038316585054616;-9.301434596871525;5.5026839531781135
252;0.7285218150714954;-4.194693201544776;0.24621246062731572
253;4.898945816384796;-3.8404909505075935;-1.9941250883888006
254;-8.43693254952267;-8.43021966365959;9.804433669963629
255;1.2617282242048518;6.286620201637163;7.114619325933454
256;3.00049217705493;7.100867319840745;2.3465588381855405
257;-1.3743788568050004;-8.729463193533022;-0.42431069017533574
258;1.092685035147662;-3.7030005835345436;1.9701022703914166
259;2.6204656463459983;3.3423697154805883;-3.4571774526739985
260;-9.943659918004863;-9.807674006025701;-0.4481114123497534
261;6.546244600967064;8.416653013189517;-2.9497521763544228
262;-5.051098973738791;-8.503307510514704;-9.057230760692903
263;-1.2927510359588883;3.082032725690027;3.921595879075447
264;8.5248184552824;7.961148825835135;-5.341883002107752
265;7.496376452850864;6.998089478312121;-4.782332458880663
266;6.32435038119613;8.365920144855941;-6.183628936756329
267;0.963279832840179;3.8806433079442577;7.22176295787467
268;-0.17338765201552775;-6.0308358783169975;-8.972484717265598
269;5.022634625633158;1.4416030843043526;9.290688839540945
270;-4.219733288486218;9.937076861799682;4.3992556285675235
271;9.054160837047373;7.321921091092321;-1.592014698569903
272;9.710882918094612;-4.46621813154106;-1.1525646570168
273;-6.555375002188204;-4.523314164418462;-9.940534270140011
274;-1.9847167295696;3.0026661196000397;-6.267491831413031
275;-9.716038094840016;6.3782246371387;7.603138293438878
276;-5.103719181748369;-2.593601977142992;6.574316000591963
277;-4.2169827361145025;6.734474707154618;1.2561936038305461
278;-9.948922406163518;-9.166479677002432;-0.5219547658665054
279;-4.654456570064516;5.18546584983657;9.006871437811412
280;-2.8141870572954026;7.036825806222215;3.448951832909321
281;-3.684318440536818;-8.013698514796241;-4.466730767790958
282;6.841861873673341;0.974016694906501;0.8310702044748197
283;6.564921856169466;-1.071886063245815;0.7062774307420021
284;7.638293001369341;6.830786761834634;-7.015891814424555
285;9.585831132147757;-0.6315171105196686;4.562585449110292
286;-3.952929107767476;1.8463196021748765;1.2388975078685416
287;2.932584920792001;-4.1860063889396715;5.992571649625514
288;-2.0974250122356946;3.3070016279952696;8.670559725643177
289;-9.602161965330733;3.378229169477965;8.892324561123441
290;-9.360863464506197;5.534053888460948;-5.593011424990502
291;3.3054732807973224;3.329001623231477;7.892135238733886
292;-9.318845189078967;9.122013851779862;-8.666442040696795
293;-5.736564715490413;-3.858439743766966;-0.1467796506779262
294;-5.875337592613685;7.4339443189779715;-1.949892853214907
295;-7.139089339697053;-8.508339808068875;1.5836914757321185
296;-2.768955738057983;-6.408724507402077;5.976112953529633
297;-7.5089643765946334;-5.739598817871599;-7.112856351345784
298;4.274843594087002;-0.0632496690038753;6.704217728119829
299;-3.9146049458013144;8.880006877346474;9.494217995519328
300;6.716226904909945;-8.385784255270748;-0.5541364718270962
301;6.577301030562229;-4.553322290923713;-6.46196177417149
302;1.4611921967235713;-3.020945901287087;-2.5234396810665345
303;-0.9519391003242532;7.726282668832823;-2.3353096216578573
304;9.389779021447428;8.651255289202389;2.079395551682868
305;-2.580766800985261;-7.892406854746346;4.18168048065022
306;7.512343232260804;-8.248497282067767;-2.85439311874502
307;-0.11314474239881456;-5.409177703641328;4.246607101955577
308;4.350103369221397;9.58750364054492;-2.004264603111798
309;7.441614674238352;9.46441862774568;1.1889924799987543
310;-1.0665473856788559;1.7599356543994933;-6.2529497716162386
311;-6.847643583332237;-3.3250538021395286;8.840294601924377
312;-2.281961163556807;-0.45584356520933156;-8.676124937807565
313;5.3396722941369354;9.05833895937748;-4.767820064157533
314;1.360322585080434;-0.4834480021886769;2.8354499114635843
315;5.006084651716074;-4.987258029293291;-2.2283570665571
316;-8.79134549278666;8.359411620880095;6.042285539525999
317;5.581136250950296;4.462293393186769;2.21455871328266
318;-4.500849749287115;0.6204505578786268;-9.922954569378202
319;-4.940022376272058;1.4813481625836626;4.89743495578508
320;5.180878921270217;-4.490233707311995;1.9595040859320072
321;-5.119096497391307;7.230688164270461;9.461886725976182
322;-3.6635676592868327;-5.758421694632673;-0.10942570418914066
323;-6.375804450362985;-2.573614417484169;7.620247998819394
324;2.7205139966399408;-2.7164277306772284;3.8535973797910223
325;-2.530630512084162;-0.3505989191032235;3.866889175887028
326;6.041319568406788;-8.1660150057756;7.35944704461097
327;-9.239906096129811;3.605062545746625;-3.3457577785151127
328;-6.205439672992483;-3.809395896725851;6.323274520308132
329;-5.59278417559343;-4.346296227791231;2.108826776078022
330;2.628766744010612;-2.179353811885612;-6.2746183511021965
331;-8.747593694635594;2.118176459423136;6.969583100836399
332;2.038381415420563;1.641008821254113;-7.459482449935118
333;-1.5582211063531286;2.5178217870768336;7.302289526409812
334;-5.878970527839115;8.92205381242356;0.26795188632028655
335;9.418006967040203;-8.054688529127024;8.179270897148683
336;-9.172192025273194;3.06689664974577;6.161420914343523
337;3.5202161338457945;-0.4947847962745051;-9.094411669258966
338;-5.539682139605069;-6.128098577508972;-1.0533342101451844
339;-3.2411762556317907;-6.886103158496697;-1.2789313892549696
340;-5.660355015692509;-7.181710784638701;9.963205156566481
341;4.972602686368926;-2.3079018811231578;-3.265963264019076
342;-8.421696904605142;-9.340028096017805;-1.7614174950666328
343;-5.597044232363548;6.726758037583849;-4.66985825481048
344;0.3013643607246692;8.570259524834796;-7.143965792675504
345;-9.390711014841518;0.590156468391827;-6.263264756096869
346;-2.218968979165248;3.3597041647488464;9.922644786190645
347;1.9796748355113696;3.5636904783711607;0.9914739015868062
348;5.224078802760641;-8.049447936556998;4.6922817989359835
349;-9.998284297382051;-5.414331467461347;-2.6642542831335048
350;-0.9665891803353439;-8.852989596156629;-6.584056388188609
351;9.655677199744904;0.5104787162856272;6.9646918415346875
352;-1.6972623647254501;4.997997571179681;1.7751910645808149
353;-6.002044718534467;0.23207963666915532;-8.519879777860325
354;-2.1137693945937546;-7.340302288711149;8.453545547541072
355;3.828216600184602;-1.6617560589157172;2.018512982906742
356;-0.7401922383920638;-0.1558513559494763;-5.4327233118785685
357;3.064809013458765;-2.3277242570534007;-8.254145834675466
358;7.754145099244145;7.3584131106107975;-0.11219589771981475
359;-0.1666693593024604;2.0130598736669096;6.1141840752705185
360;8.57020177578369;6.288872322892146;7.974856316857281
361;9.059009233212592;7.777399571821022;-3.741692452909775
362;0.2786717258904474;2.893469185368726;6.174366960804832
363;-0.8689262588751454;-6.627750272786194;1.9550619821210908
364;8.083723118539957;-0.8258446761724585;-6.935116921544429
365;1.2333586747356957;-4.3317456075413485;8.717917595727936
366;-6.043105668544979;1.8536105587144807;6.387921387334806
367;2.4577554676351614;5.090813948112519;-0.7553679147132577
368;9.347792146604274;-1.2971694171846515;5.459320080713718
369;8.799026605203139;-3.8351714313619905;8.59645725326995
370;2.4797918121791938;9.569186573732317;5.69357980148396
371;3.8666778721855977;4.6391390464420805;-0.9109338934487248
372;-8.823828416684606;-8.017467597380305;5.556492077251896
373;-5.3428331397132744;-0.4433459248877121;8.940586861732864
374;-4.900230806162904;0.2539891813298354;0.8811983007911994
375;5.358737301192081;6.940150130477729;7.736357210412763
376;-3.034547175112518;8.596119321423679;0.17751401840015646
377;-3.2000820954550946;-9.787998829737843;-6.815194851909386
378;-3.7222462469725777;-8.562683153530914;1.2145097300408807
379;-6.667403218401202;-9.807958751182362;-0.11991034344347717
380;3.7911824557780207;-6.373640840814736;-9.169364845254828
381;2.290841318699;-7.778085564153989;-4.624452434720188
382;1.927621722989505;6.170566697077721;8.233630410731585
383;1.852510629351304;8.541802099627745;-0.09286284843017256
384;-1.296948287927746;3.7853093356122045;-0.24343872524214838
385;3.2554066536768396;-1.110709310419713;8.456297786520238
386;3.6140863797732656;-7.911885686976268;5.565837609320676
387;-4.121367658256865;-9.675642591175286;5.162545326149932
388;4.081236928457354;0.8418846450656332;-9.63111460881098
389;-8.289887796881999;-4.733375944614591;0.9215459405466664
390;3.5621701399244152;-9.916701780333808;-6.940752893650104
391;-4.9532972862846165;-9.1674746105949;-0.7970311500609917
392;0.8393985260463683;-6.229355176253999;-4.450301824799845
393;-0.4099094533257599;9.773613002163636;0.17149191855304835
394;1.6689969164617136;7.481702879352305;5.6051816532846015
395;-0.6728340781896858;7.4099784707391905;-4.693973830084741
396;-0.41540691731740864;-3.6788898347180847;-5.418779194728018
397;-9.014707837156246;-6.130113423341987;0.062237906749754046
398;7.6551055122241465;3.0607992447116104;-1.9735120689871053
399;-6.61279164777932;-5.7062284528589835;9.1529066790856
400;-8.745414773270388;8.622698703777225;9.051848107211764
401;2.050443118782372;-8.626971622596002;-4.942760986388999
402;-2.9347431210176094;3.640832162841452;-2.837715861194006
403;2.09513489604168;6.806841162833798;-1.362271314437887
404;8.974248890999487;2.1644745936331216;0.1004703496020305
405;8.637322737201373;-3.43034648290452;8.160975277375968
406;-9.451758058244717;-9.514191850843613;6.896326729889488
407;5.07586734376167;8.579724288293132;4.369339381288434
408;8.805289051790314;6.358406822830453;-7.000171381075894
409;0.5693431703524521;-8.613824106845788;3.1113272328089536
410;7.870130089490207;5.790102536126714;-2.392516966088019
411;-0.18944129990446967;0.8349907501482896;0.3896078734446977
412;1.4450148620328633;1.9533133653359975;-1.217085701442251
413;4.209542551817549;3.0280249885854804;-2.6219839926427646
414;4.80283668591597;-7.6332030297325755;-6.974101162026896
415;-4.795255193812138;6.655210536623329;6.9302738823872865
416;5.241493508461252;5.43210194100463;4.885473890996794
417;-2.1573480577262005;2.418453299436486;-3.6945304645283894
418;0.19344913464190228;-5.171424459175502;-8.630882973564702
419;-6.306265107135052;-8.519116278679027;0.2848267043834838
420;-7.983541530421392;-6.994629783690072;-7.6071928150900785
421;-5.887250329181921;-4.871026827739485;6.129894909941175
422;1.0907464249449372;1.3946810756618593;3.670123108782253
423;-1.9803404693773743;7.020324332374951;-3.577275379084412
424;0.8581890863634527;-7.107630067467056;-4.439343462617376
425;-0.05426327166719602;9.180386098031029;7.01444178093011
426;-5.125845060522904;7.710782927641883;-5.367745086320015
427;-1.5476636633140508;-3.181030738719701;8.713397404280744
428;5.03442719296687;-3.317146793884385;5.754023163067469
429;-5.013926637617063;-6.557537658301831;2.116143281198603
430;1.717249889322792;-4.076559618076729;4.331760647638603
431;7.299024111324663;5.885988309308255;-3.807722560071145
432;-3.790731424252578;-4.701889169367219;4.436541437078805
433;1.7171935571061514;-7.688050187905779;2.944828146038752
434;-0.031619703111903874;2.1918019791779297;7.625045100306835
435;-7.280296106858339;-4.73135019903353;-8.474973975643072
436;3.5869672375613533;-3.789374670462675;-7.533099739664737
437;7.744831262997888;-2.546910816866701;-6.481982803444664
438;-8.178920668959735;-6.29127025684471;-2.3143354936254212
439;-8.649437816763099;5.686739034953996;-6.335609401649744
440;-1.0102327632837635;-0.05451514006869829;-4.851186424159795
441;-8.673602022456862;-4.677731912017046;-4.6216270167263795
442;-7.397480957761466;-0.08661852568211259;6.5746444934891315
443;3.1403371057301026;-4.272190186898017;4.425531079905255
444;-1.9983654287077446;-7.551366582226924;1.8009037230778997
445;-8.400345636348593;0.5652874745221208;8.445485919025263
446;-3.4715280046849495;-3.097534815934722;4.844467614867591
447;2.462273617081225;0.7083083582999627;-8.607330702434249
448;2.197063902558117;3.725793880060511;2.56073579484352
449;6.979455508641919;-6.542819305096779;-8.746159323133789
450;-0.18566972068991383;-5.0577674126036705;-0.758775063379499
451;6.775652179612077;-8.171397045847751;8.141752053118555
452;1.6063603327552798;-1.5194418727410763;-3.3929673428507723
453;-2.8378082426516693;-6.8411663427804665;-0.08258107001683967
454;-0.3339223633022037;8.34635816521832;0.7563944321980642
455;4.978996810248109;-6.777603964323788;3.9140403362298297
456;9.841236411606548;-8.2621589682746;-3.12954247811132
457;-3.677942552822646;4.876599284521824;-1.4515085641179333
458;1.183951242878143;4.494008830455423;-2.8309644180614324
459;-0.4217734489941414;0.5517809604292765;-7.257235767107653
460;1.4796573292738575;-7.2300924941709654;0.33657907231610196
461;3.9696639500130786;-9.670607786109017;3.301952013770533
462;-9.004978238562824;-6.420047066019141;-6.1326281571064944
463;2.5110878144486914;-8.607477864911049;-8.110037848922907
464;-8.091193254488466;-7.887390215333891;1.2214024879842729
465;-1.5379381408491692;-0.4049974207133715;-7.6863831260164766
466;-2.635990239261689;1.3620214678315552;8.688975723291858
467;-7.192884472034442;-7.943747355780372;-9.511487077921272
468;-2.108257407940563;5.036560310465143;-6.035568584064799
469;6.460888472429836;8.12971391399374;5.983522373288032
470;-4.658453758879386;8.274234793576795;-3.4670373546000155
471;-7.084658338901157;-8.656581078196691;5.727906461883368
472;-2.985282437529073;-0.5280118417813711;9.506982067910656
473;-9.70639109840234;3.191127614455784;9.749998563914616
474;0.9970641654527661;9.182454577626306;-9.103640252689441
475;4.223292655501121;4.9604499048935775;8.418592969501255
476;3.1980409430773413;-4.0703230559945025;6.440249980041372
477;-4.699229120690549;-4.599086330145967;-4.322038159864285
478;7.054257038335326;-8.181431714632136;8.655385232115812
479;-0.9327333146979377;-7.566660210284601;3.6317063549367177
480;-9.881616658233073;-4.3350756368141745;4.654396666489998
481;8.633146848494736;1.300978417799607;4.3857829728226
482;1.4356251291534239;6.349368429174675;1.3462957544370013
483;-2.048656815021717;-1.8785934950997163;-1.7509336125025534
484;-1.6318506623720292;-8.601934229336843;-8.471830854842375
485;-2.23066929894933;4.378953797189702;0.2112744824499586
486;-5.993533659381665;-1.4900120117075666;7.688401065538958
487;1.8182887308630526;4.384115838213408;-0.3595765761726142
488;-6.204543780931808;-2.4545343285152965;7.680293997051052
489;-2.7066293770339067;-0.10152684400850731;2.0796685749721746
490;6.434277184963456;5.231999392744038;1.166515186081437
491;-1.327477797906866;4.637528347707018;-6.289532645895656
492;6.26080343027942;-8.097146127690522;-1.4132821580632715
493;4.398107974152934;-6.261246111175129;4.534114869968548
494;4.857475762356248;-5.748404965318283;3.7263770126443756
495;-1.706672450544806;7.727205749914404;4.063608426092529
496;0.8383255497161173;-0.37479127264625234;7.086554984382303
497;-8.825795716146862;-3.93522011555437;-4.489186510976511
498;7.632273804171334;2.9000715257296346;8.741753593568244
499;2.964010792714893;4.472043851063155;-2.0795722529977656
500;-3.461480833289512;2.4489988926407698;8.877201810224843
501;-4.4710183254808396;3.0584642678554648;3.249483077026021
502;9.398348346817013;5.0216498632281485;8.321482009102702
503;7.667144686341349;9.991384907700812;2.406526855513551
504;0.005962826195933246;-4.476610088437642;8.13179185317438
505;1.357317773181851;8.715164092885985;-9.171281336435776
506;-9.856994460498731;2.2096440546997105;-0.2308125176358118
507;2.054650635133262;2.3590176120771744;4.183826348469374
508;0.5718020486679336;-8.16152305817359;-9.505025284850653
509;-9.683025349202577;-0.8781785123047712;3.1815702340295626
510;7.694000002634322;-0.7261280616819299;4.660082830151445
511;5.995239337730576;1.6944027222900875;-3.5400740131644586
512;-0.6391208945123328;-4.761735979140404;-3.8096673578524936
513;-7.055271322535043;-3.9287863515869876;-9.088862752128051
514;-8.928669733866224;-2.551415952996434;-3.4587779231608007
515;7.137763535872317;-6.586774788555263;4.442145425441357
516;5.748414858675183;7.782696596666092;1.6066065893419808
517;-9.434548425513771;6.528978086687889;-9.194363151274942
518;6.549212113282117;5.458937242101614;-9.701433747223769
519;-8.43501902062549;-9.421993682372719;-6.386553400758997
520;-5.065079797705836;-5.4505023464581175;-1.966573130731117
521;0.28384273709590957;-8.580815787163832;7.38432774396
522;3.4096280173792444;4.04617878562545;-6.98396559770647
523;2.077334465252294;-9.800269867713219;8.783015255314904
524;1.4037059859203964;-4.240345177298144;5.022296954973429
525;3.900394925198313;-0.2348534360771417;-6.595724898401536
526;0.34822297683070325;-6.751873645527309;0.6135622479242624
527;-8.462229046893778;7.1289350131224225;-8.495032193578648
528;6.966093436729185;-8.627826683995647;-5.404971817983371
529;-7.986402072107905;-6.093946353266646;0.013239990622659903
530;-7.906466057478363;5.651960407290337;1.0550125169383477
531;-5.867764310777311;-8.339091048973476;-9.951319152597124
532;1.0259366312204872;-3.1832802032088185;-6.846630148990553
533;0.22886881112484758;6.429762939142588;7.241146939767589
534;7.946025759259314;-6.182252697775672;-1.4565108827423252
535;-8.169805333691968;5.064902230578912;-8.868871903534297
536;-9.571691857194944;-2.561340078343517;3.4981378081367644
537;2.0248333039225415;-2.4623996821202088;-4.188356939486139
538;8.370985298344507;0.15295745676350947;5.305322172228893
539;4.502281527533086;8.017580677454294;-0.7950587107778766
540;4.274038066871871;0.8590353488151479;-4.32396426338725
541;1.7573100933317356;0.8882681859545727;-2.3989048318970108
542;-5.601029446844052;6.323195929984276;-3.312394326833246
543;-4.50799216343497;4.51182456069561;1.302161515377577
544;2.2919367313734806;-6.755649084122817;-2.3033996696227614
545;-3.4843574300443407;0.24674538120068412;-2.885251385545957
546;-8.647772692343924;-2.7758325039481857;-0.5076975026398589
547;-4.356313541030952;-5.743560168210604;-4.419611381050796
548;-5.743644492492697;-4.127853325381949;-6.176508974519923
549;-1.6178811682331364;-2.984248272468366;7.665335835736361
550;7.36319047345021;4.7701330895515035;1.1636456616772897
551;0.6526015580098647;8.713735411709912;-7.800360939700921
552;9.968717021137174;-9.68097545383615;-9.63944781989615
553;8.159675668479014;0.20685034808094827;-3.8208964055985284
554;0.8327998997810493;-5.120655993558647;1.621256148405818
555;0.5509563118680365;3.976473619603693;-1.1311637873267149
556;-8.075672362676038;2.062905877435293;-3.380245511309705
557;4.474045692398043;-5.872864188763658;5.271496359380432
558;-1.6126054128920924;-0.9141097493585058;-9.600269609908704
559;3.1948762822237082;7.705419920146991;-2.092020381160866
560;8.072532059976844;-0.7199180565416352;5.009899605579811
561;-5.1649223658853955;8.033527431104488;-1.834158538319901
562;8.514688754340956;0.5238846093957079;0.940823164034871
563;-8.41033683735452;-3.46993589226895;6.830362988063005
564;2.746818223912687;-2.4844400555632333;-2.0828804334302813
565;6.550307172799524;-1.3700218337418963;-7.5789640454947405
566;3.8455684966780943;9.084689836058072;-6.013876379964261
567;1.2713152315997434;3.5053218799196006;0.5524512839334701
568;9.51840200731682;6.1865347248802784;-0.35537881128567506
569;5.2799758333214015;9.934290743215858;-4.010611553292334
570;-3.5551492912658667;-7.12747308677355;6.082692508188234
571;-2.344230980889874;-5.3338536040793;-6.214271862703329
572;-0.005024594957799167;1.0456636040885634;9.265371316008629
573;0.10628468317254125;-3.942296265398988;-4.428885788526831
574;-9.197791010348746;5.415512786648867;0.6548671661596401
575;-4.821930110227919;-9.08995941814503;-3.976943458831908
576;5.449114715592314;8.746122522864798;-7.414726973945804
577;3.405249358523065;3.383517613823697;2.831323146738267
578;2.120033234460653;-9.818800440161983;-2.133772861065215
579;-4.81061182408395;8.221261298301933;-2.5931163470470553
580;4.955965152640678;4.70586732457631;-2.2142347266636975
581;9.271494098542924;-0.2704989570211769;-3.577426845461371
582;-5.123391895644218;-4.486673595265119;1.6396350247169664
583;-8.658761397126298;-9.373031812815423;7.442523371363951
584;-4.699946013487795;-8.876696239488666;1.2617268348412907
585;-9.083923629767561;-8.682477836144205;9.196267957455106
586;6.123154498584569;-4.256684044989807;-6.756114996632134
587;8.759688211971689;-5.240263072047351;-7.4173496918410375
588;9.652227862867019;1.1209586262146214;-9.55261787931275
589;-6.518459910124341;-9.756879907396518;5.138165465709772
590;9.03360062323232;-6.820705217946785;5.238892608450808
591;-8.468439146841407;9.58427062401573;3.685208246329193
592;-8.47416814457902;1.6636735260606113;-8.44481417997643
593;7.241964334749479;9.676509517348624;6.023505805888764
594;3.2040686702470893;-2.1336989287545283;-1.7580421389701826
595;-6.3011978095777526;8.197563651825345;7.79779113667599
596;-9.499001456696487;-7.061434430967839;7.511330854446999
597;-8.501406287304949;-5.931573940692818;-5.449784040788672
598;-6.912135374764841;-2.7637459827906437;3.553327313955169
599;8.38632302754035;9.740109432229985;-6.713872552935727
600;-2.250423403076298;-6.730425144401611;-7.364552787330629
601;4.727888608489163;-5.975790093826438;-3.383632433008237
602;-9.19214736257349;9.23350693433174;8.091467452687336
603;8.30116315094864;3.178917554434687;-4.851921134507487
604;-7.86709112890583;-1.706990385218699;-7.347302478625859
605;-2.9909734529934395;-0.01991499734728741;9.928808563176016
606;-7.8197442423222245;0.34638927927300855;-9.835485327448858
607;9.502005901750895;-2.815239203880955;9.301834539460224
608;9.315125814559792;6.403139338839157;-7.380480972286769
609;-1.959688984632436;4.3332451814791995;9.727820243012207
610;0.37409118873233993;1.5139424653632734;8.85094606061028
611;-3.1044942630998085;-3.100669643723169;-3.0863169703429527
612;4.900447334034945;-9.23361995652094;-6.261700521959259
613;-3.637404153926962;8.858414690326136;9.573538180214442
614;-2.103843216719243;6.817283105495882;-6.904794645086545
615;9.276285477975033;0.10075660964621846;-7.835526527518899
616;1.7201694804237793;8.502426042689695;4.20758441316169
617;8.31937362113715;5.795032703464024;-6.700374178220185
618;3.1907775801841503;1.2509385657369858;-3.8152634566487382
619;6.649719556936535;-7.698449213787628;-2.4680813017061105
620;9.982926126360077;1.706003713519939;-9.447292738920055
621;-7.635674480377482;2.9604786859980976;-7.603343784391421
622;-6.379592681790607;-5.6002153412511335;6.849128449964866
623;3.156002930304938;3.1892294569920043;7.759126198913666
624;9.63183435904062;1.6355267162912455;9.181446015922305
625;-1.2240228807773086;-4.85435218281401;-4.899856798089093
626;-0.6716933911579481;0.9678090590601833;-9.31382547267244
627;0.18532392532084607;2.7604319454282393;6.839630694359624
628;-7.872588281119707;-0.3996258555215242;-8.295308467438364
629;-9.980439054806432;-3.058787277559847;8.114218080504113
630;6.592507462128999;-2.994849700408519;-7.69054690951047
631;9.287588846980434;2.71748917629491;5.253005483228094
632;-8.718881122225358;-3.7251185181434536;-2.09796182653238
633;3.192506592375203;-2.692275622725118;4.424533733745555
634;2.8704058098883696;-1.652932305721981;-5.956360411158494
635;9.819957027197049;8.599606519896717;-0.9223798016430997
636;0.35441551243455827;5.642091449499379;7.47565226346515
637;-6.761255361687201;6.995964243088981;2.0877040927985817
638;-9.120572929997659;-8.542068786878733;-3.814690784223897
639;8.786632830982256;-4.221661174103108;-1.4193664954724312
640;4.785908704667678;6.102934133207228;1.0472755921602328
641;-0.010678829972654569;-1.8061314423231174;9.083604599116857
642;9.171883867111394;5.495350177703379;-4.1878179707006264
643;7.777752623877049;-3.4474986641490606;8.723328833114742
644;-2.6398280943454893;-2.5631439432958274;-7.3241977614717335
645;7.192212380248549;8.296464556915847;9.407449065488482
646;-8.301748385014005;4.376303816674863;-9.867528763143012
647;-1.2533558981017912;-4.518565210456808;9.228917217039527
648;-0.7671826060238089;1.8731533613074607;6.133272761547616
649;-4.2256475861211555;8.141465541144772;-6.652796978665709
650;-4.213491338579855;-4.912314981419808;-4.322678050548676
651;-1.5584665392885064;4.1682039527190025;9.97048304661891
652;2.9991763779247176;-5.428425346778538;8.68130088882928
653;8.575690930143168;4.439225213636748;2.9379658329581275
654;4.8856608268899;-8.69938578958358;7.185656602495005
655;-3.0198864426221768;-5.536302929255532;-9.798852164942524
656;3.4677242924902316;4.90684839764862;9.330694944815065
657;2.0581127360045386;9.563268750122344;-9.960610435741744
658;-2.9899205149970527;5.227113469339095;7.628817268868961
659;-4.504219711804296;7.488593580421107;5.419540113732202
660;-6.450008686647443;-2.3503450598657327;7.793314582003578
661;-2.369844484737767;1.260170113859063;5.4906244569260565
662;8.151932203716182;-3.155675425094689;-7.934480261897696
663;-9.368387794070223;9.434164582999532;-9.085403265761656
664;-1.7819380647359964;9.70887500065205;2.381960078224335
665;8.662092767936691;4.03000984697902;4.449294791429207
666;2.623800821983691;1.0899708663109013;6.5760376711801385
667;-6.60795177801937;0.25456717066226275;3.000650589501298
668;3.9213707098087163;-1.4856961234976573;-0.026654809768993815
669;0.7571950487652135;-5.727289911637756;9.662115995209518
670;-0.8381947337613624;1.0393188201315962;1.4313790972714848
671;-3.2724933533064737;3.2294594007527664;-3.541405441995713
672;0.3006766097351843;2.2813241842808445;4.186144613614694
673;-8.610651425538565;-9.035740692963195;3.346934006213944
674;1.27255389595123;-9.748465132890145;-5.272909433027648
675;-9.204806380365014;-6.1559008526647085;6.9288998106834825
676;-8.13237287407392;-0.19035622054827428;-3.538679450943558
677;3.5478060833882488;8.765819233698558;0.5305591572180681
678;7.066521464337775;-3.2532734713973;3.842528314942303
679;4.5755573201065225;-4.839191983754372;9.502054927533898
680;-7.349174892698295;7.953715207823059;9.937152422582805
681;-2.9746976581956037;9.677909665898817;8.767970088975755
682;1.027914421933275;3.4597478793576304;3.7536785695741877
683;5.850497375695195;-7.5131579291968364;8.86926896558477
684;-0.8695285835904478;2.3496404149217156;2.9890062501636123
685;6.323252797225184;8.186094716043506;-6.151356412565667
686;-2.542019943164247;4.217884666847709;6.051079206146927
687;0.281051908615078;-0.06718855849566552;3.727469836376496
688;-1.4892659889985094;9.496882027140614;-0.53048084827177
689;5.561307897645719;2.108643743053859;-2.226813033674164
690;0.12861899336265736;-6.953158559278045;-1.0312542267328872
691;7.219890328084276;7.285169465454757;-6.863495107497812
692;1.9984938257514209;1.4222994470266492;-0.6769929880679175
693;9.47808318876373;1.0615152777993941;-5.544836183386794
694;0.29179620632413084;-3.24840409811914;1.2591919339371476
695;-6.533027620709618;-9.971033109956249;-0.46042832743449935
696;4.596951801984844;3.955172797267938;-8.817118465969093
697;9.866081836877168;-4.049713059200856;-9.946314287643315
698;3.3481833097253695;5.741565386645366;-7.343454424128271
699;-6.863300904052583;9.451692369860304;-2.7107515924400882
700;5.343035385048736;2.968181938180292;2.016847704029347
701;-1.7310027416776403;-9.234710751657985;-6.669443768213126
702;7.350807619730041;0.3910462726034005;-1.3810625326220674
703;0.6079927444335844;-7.68131495167334;-2.252182641819516
704;-9.939358971643424;3.439741985848192;5.679803007645333
705;-4.16482731979825;7.3762676126284425;6.577391958025082
706;6.719947329451077;3.257997463468133;-6.155177663934836
707;-2.0318690768563563;1.0349724793651571;-8.33619888717125
708;-7.083694973409978;1.181690873793734;2.0561948472101754
709;-5.019673980986279;6.4103548401216806;-2.990273377620751
710;9.005021092180606;-6.344985252464223;1.4626019699010264
711;8.662340577338355;-5.763630123416408;-8.763251407135993
712;7.991588864283997;-5.646883757107897;-9.634684280401268
713;-9.78380271154495;-4.14170799037554;-7.00452844705584
714;0.41131786494692335;3.3573979654518595;-5.026012430265849
715;-4.899172674735659;-9.292841271382297;5.083804994472711
716;5.557812958574598;2.198062816738913;7.027528000181292
717;-2.204518746427113;-0.43767361401082105;-3.1756128713016096
718;7.716922639561105;3.7510367800189552;6.923133518266052
719;6.6858200754480706;7.642412239701869;0.26001496433155324
720;3.996132190641834;-7.4389299459182245;2.7173587504437187
721;-3.877948585540625;2.1895593946309173;1.422046347434625
722;-4.435411089731729;-6.9631830336661675;5.393888974845101
723;-5.418613548716729;-5.018097723759283;-9.113987263179679
724;-2.185194300564075;1.006231343062499;3.147401469106242
725;-7.940496460632107;-1.0303819763613031;9.791572088891517
726;8.617281713236387;8.092296272732373;9.235105056111077
727;6.085665416260845;-4.6886070514816165;6.255064189964926
728;4.890503306156278;1.5590185439965296;0.48746158547580976
729;8.660790093062438;-7.96496572390047;3.22171587715858
730;8.88399464748571;4.483882094996986;-5.039382317938086
731;5.161526539038356;-1.9687328628905618;2.8784916767392055
732;-8.213763885745646;6.148394025590967;0.45576153463046865
733;-7.302823261376843;-7.783195943814447;-6.132127378555303
734;7.015833750094398;-0.609100962321472;1.4241835201056734
735;9.268895197942534;-4.9742557458907495;-5.751025137523613
736;8.49139676064166;-2.3539218533029533;5.031074510134207
737;-1.0280620550121036;-4.1238066364051384;2.320278669352456
738;8.87294383904343;-3.799964958482578;8.285874885938838
739;-1.1176372957737613;8.237967376768754;1.6412269263639274
740;9.292024300278083;4.1871066075934635;9.62837223122408
741;-8.033683700086804;-2.832664726624521;-1.847190127669922
742;-6.9959919448647945;8.6541097626001;-3.982985479383359
743;2.904316072058659;-3.0781101795706594;4.5455249029168705
744;0.3655517776758348;-2.571019271447863;3.14423299676384
745;8.77210990016236;-2.3676053609063725;6.464234520715365
746;-6.5599531627611585;-2.1701269010674213;-9.410815114140096
747;9.740458378875886;-3.3695497073955654;-8.553723387186983
748;-9.311294910447781;3.835047850495446;-9.184409219173288
749;8.221043187585543;-3.983273725203878;-2.1804923524883923
750;6.405479754511887;-9.620663350608785;1.6845829039704086
751;1.2188470384215648;-0.521842005231079;-8.132227524703508
752;-8.34124069682078;-3.269304724710185;-4.292274655096486
753;-0.49613246434779157;-1.4668664296888458;4.7819183288603675
754;-6.055990357493631;9.584929869646452;-9.888298916208647
755;2.9151011800528455;-3.092244881266679;-1.8769845711360862
756;-0.9429307895477486;3.3411343186845954;-0.002997941519693015
757;7.516640839127014;6.651386030428583;0.6269506857277882
758;-5.097768260622743;7.1558429484740955;7.396965934055498
759;4.80638240240739;-2.4268965654124264;-0.5393488085602627
760;5.519357040346142;1.1476058206784359;-8.830084204700377
761;-5.77326573667796;-1.24744943847195;-2.8826320272741945
762;1.93315834114118;1.3220406144638037;3.046842286010685
763;7.639372341971516;-3.2358372796707684;2.9387526465504425
764;7.200195993685597;5.653879761062052;-6.064824110263947
765;-5.707685497929265;6.924788787055952;7.083549194153395
766;9.531000094125442;8.748042980048979;-5.314267382490172
767;-1.387518897012578;-8.571226224757758;-0.36727481826682684
768;-4.337291778362542;-1.88516110771441;-5.044550042862208
769;-5.203786565663244;-4.516952129736865;6.562657807147108
770;4.270608087559161;1.162705000640356;-5.989135661592046
771;-3.516446595215017;5.680348679963627;6.203832274955602
772;9.168011315673642;-3.573312524297732;7.947463636304015
773;-8.434877153027145;7.380527330209809;4.354176170606404
774;4.512801002655509;7.110747048719798;2.3375288501581863
775;1.826025507586568;-2.517715111752244;-8.72411234582108
776;5.602610234111081;6.549539981008227;6.340691130454193
777;5.799558235427874;-8.500262529594318;-2.9411911891164877
778;-8.66541776014513;0.2945977951250818;-6.075780040498793
779;2.796397901668337;6.440553741095943;-5.3984778324785125
780;3.2171999693260247;0.2686984454670345;0.032610304337223894
781;7.24645875360568;0.38048442864096543;7.2537574391360025
