Pbgo;84834.92193719186
Vpdry;-69216.10712747056
Ojaktca;137435.48279433785
Xmtrdov;-152647.88754603613
Pymgfqx;-213867.7529506544
Guwps;104391.40426656138
Oathx;571660.2851316269
Iqga;624872.2871976396
Yrmy;-86009.8945400105
Cztno;-22840.16517894499
Kuhe;5235.1472758876735
Wtewfybg;-45924.06072830586
Oifdmv;-401957.47146622895
Roqctb;50381.95385665789
Weyjber;-13704.227986446529
Mtqa;292770.1328525055
Cmwo;606905.207473469
Fsfrbkbi;493055.64740811766
Lsmgomy;-178.8346021878874
Fxjbkzhi;112399.58431401578
Kjhtnrax;-89541.17851487732
Xztqejgx;79241.80167768053
Vjtiidzu;-747119.790679385
Vjoep;-522058.34305784456
Wglosnb;127041.16614880718
Hmchu;234524.8080774022
Cggybc;925893.5308707262
Gjuokp;371439.5754523016
Zyksj;44256.85152005285
Fpgsbkym;-14060.990192228432
Eyokfz;-457129.85589732556
Jcdtgev;350800.1802018403
Wewx;703668.3636776176
Inackcx;-73859.98522348654
Nieufdj;-572725.2354208789
Zznqfa;-18074.943985980804
Sjta;-142275.7951442654
Xrmgeju;-302089.20600255276
Txozdif;456139.03268421034
Tqovgska;-535243.7392831765
Mmywbru;-49781.55455250098
Iyvkckz;-10998.213773264275
Ohjosa;-194834.5929651248
Ifbok;216173.49748714775
Raqlmdz;126088.26108732699
Tezb;77592.06545505552
Dnybajr;37242.55212286776
Jalyoe;13709.727811754474
Geinntx;339878.69036474975
Sipff;137989.09857073874
Mguupvuo;142352.22957394028
Rhtgyh;-794055.7228974204
Ttnboq;-134669.72736180425
Hemi;-253226.41471777548
Fvnoz;437568.2673844885
Gjpmqic;-30944.19955283708
Jjikq;2134.653239809748
Dcas;-501793.93658577884
Guzjb;-494404.12857709016
Zkjdnxry;-14393.776396489338
Fayfusr;859.111580749169
Ggri;96746.18114791861
Ctupurpq;-4303.005607903202
Jynidw;426548.6834557241
Wwvec;73210.11486317807
Xlrntxit;420227.3838571572
Mteh;-263650.5313754184
Jayjky;49586.98781414875
Ellwbibs;-5172.624853583441
Ivxgwje;-130805.00631757377
Qxmxutr;425997.5765309123
Ayktkrx;-209286.48812691573
Ouoxwb;-162577.44292162388
Opntas;-696484.8852501943
Zjvii;-487451.79260265833
Gztzmu;211147.40802280256
Jvnxuqn;-429409.8839409718
Bkzlu;-211482.96619745815
Pnaqa;-354798.06009291194
Ubljwis;-20079.294355301165
Zzoxdio;-39097.866245047284
Rgofm;9699.017622832775
Mnfyes;62252.391227948174
Nbgmmamj;-476793.96993932815
Usjar;-179397.25147030602
Xkim;-42328.76316985584
Tgiwnltr;362767.620805528
Luviac;8247.086685044811
Acszgruw;10655.165774002207
Ghblga;55205.64098958116
Vticsj;-59925.666921521275
Ific;-248277.5093321645
Juvmgy;-459330.66337640106
Ahor;119067.9789391426
Rkvesql;382041.8461166566
Xoujr;-10838.865806428574
Zuwoje;-743618.5195392619
Swiow;871451.7055665285
Jnke;79166.76615214889
Icfhez;-12408.517506949103
